Name,declination,rectascension,Symbolism,area
Hydry,-20,10,"Hydra, rozpoœcieraj¹c siê na czwartej czêœci nieba od Raka do Centaura, jest najwiêkszym z gwiazdozbiorów, ale znaleŸæ j¹ nie³atwo. Przy dobrych warunkach mo¿na raczej bez trudu odszukaæ na po³udnie od Raka asteryzm „g³owy”, z³o¿ony z gwiazd trzeciej i czwartej wielkoœci, ale reszta powyginanej grupy to niewiele wiêcej ni¿ wst¹¿ka bladych punkcików.",1303
Panny,0,13,"Gwiazdy konstelacji, umieszczonej niemal prostopadle do Galaktyki, s¹ blade i dostrzec je mo¿na tylko na bardzo ciemnym niebie. Centralny trapez utworzony przez Alfê, Zetê, Deltê i Gammê jest naj³atwiej rozró¿nialn¹ czêœci¹ Panny. Spica, Porrima, Vindemiatrix oraz Zavijava tworz¹ charakterystyczny kszta³t litery Y.",1294
Wielka NiedŸwiedzica,55,1,"Najjaœniejsz¹ gwiazd¹ w tym gwiazdozbiorze jest ? UMa (Alioth), o jasnoœci zmiennej od 1,68 do 1,78m. Siedem wyraŸnych gwiazd tworzy znany asteryzm Wielkiego Wozu. Gwiazdy Wielkiego Wozu, z wyj¹tkiem Alkaida i Dubhe, przemieszczaj¹ siê w przestrzeni razem. Towarzysz¹ im w tej wêdrówce inne gwiazdy tego rejonu nieba. tworz¹ one tzw. Strumieñ NiedŸwiedzicy, czyli gromadê gwiazd poruszaj¹cych siê w tym samym kierunku. Gwiazdozbiór ukazuje wyraŸny obraz niedŸwiedzia z dziwnie d³ugim ogonem.",1280
Wieloryba,10,2,"Chocia¿ gwiazdozbiór jest ogromny, to jest w nim niewiele jasnych gwiazd. Nie ma tam ¿adnej gwiazdy pierwszej wielkoœci, a tylko jedna jest drugiej wielkoœci. Gwiazdy Alfa, Gamma i Delta tworz¹ przy zachodnim krañcu Wieloryba trójk¹t, daj¹cy siê ³atwo zidentyfikowaæ, poza tym niebo w tej okolicy jest w zasadzie puste. Omawiane trzy gwiazdy oraz liczne bledsze s¹ tylko ledwo podobne do jakiegokolwiek stworzenia morskiego.",1231
Herkulesa,30,17,"W konstelacji nie ma jasnych gwiazd, ale jest tam charakterystyczna grupa: Epsilon, Zeta, Eta i Pi, zwana Keystone (Zwornikiem). £añcuchy gwiazd prowadz¹ce z ka¿dego naro¿nika oznaczaj¹ cz³onki i g³owê bohatera.",1225
Erydanu,-25,4,"W czasach nowo¿ytnych na jednym koñcu rzeki jest Alfa Erydanu, czyli Achernar (arab. „koniec rzeki”), drugi koniec wyznacza Beta Erydanu, nazywana te¿ Cursa („podnó¿ek”), le¿¹ca obok Rigela w Orionie. Achernar jest dziewi¹t¹ gwiazd¹ pod wzglêdem jasnoœci na niebie. Jest to gor¹cy niebieski olbrzym typu B,prawie szeœæ razy ciê¿szy i piêæ tysiêcy razy jaœniejszy od S³oñca.",1138
Pegaza,20,23,"Trzy spoœród najjaœniejszych gwiazd konstelacji, wraz z Alfa Andromedae, 
która wczeœniej (jako Delta Pegasi) nale¿a³a do Pegaza, tworz¹ obszerny 
Wielki Kwadrat Pegaza, znany te¿ jako „kwadrat jesienny”, a wraz z pozosta³ymi dwiema 
najjaœniejszymi gwiazdami Andromedy uk³adaj¹ siê w kszta³t podobny do Wielkiego Wozu.",1121
Smoka,65,15,"Mimo ¿e to jeden z najstarszych i najwiêkszych gwiazdozbiorów, nie jest szczególnie wyraŸny.
Najjaœniejsze gwiazdy konstelacji maj¹ wielkoœæ gwiazdow¹ rzêdu 2m. Bardzo charakterystyczn¹ cech¹
Smoka jest wyraŸny ³uk biegn¹cy miêdzy Ma³¹ i Wielk¹ NiedŸwiedzic¹ – zakoñczony g³ow¹ smoka utworzon¹
z gwiazd Rastaban, Eltanin, Kuma i Grumium, ma³y czworobok w pobli¿u Liry.",1083
Centaura,-50,13,"Centaur to wielka konstelacja, a jej gwiazdy ca³kiem przekonywaj¹co odwzorowuj¹ centaura, 
który owija przednie i tylne nogi wokó³ Krzy¿a Po³udnia. 
Alfa i Beta Centauri s¹ przednimi kopytami centaura, a jednoczeœnie wskazuj¹ Krzy¿ Po³udnia.",1060
Wodnika,-13,22,"Ogólnie gwiazdy Wodnika s¹ raczej blade, tylko dwie z nich s¹ jaœniejsze ni¿ trzeciej wielkoœci gwiazdowej. 
Najlepiej rozpoznawalna jest grupa gwiazd tworz¹ca „dzban z wod¹”, znajduj¹ca siê w po³udniowo-wschodniej
czêœci konstelacji, a sk³adaj¹ca siê z gwiazd pi¹tej i szóstej wielkoœci. Choæ s¹ blade, to wyraŸnie je widaæ na ciemnym niebie.",979
Wê¿ownika,-8,17,WyraŸny gwiazdozbiór znajduj¹cy siê w rejonie równika niebieskiego. Polsce najlepiej jest widoczny latem. Jest jedn¹ z konstelacji ptolemejskich.,948
Lwa,15,11,"W odró¿nieniu od wielu innych gwiazdozbiorów Lew naprawdê przypomina swój pierwowzór. 
G³owê lwa reprezentuje skierowany do ty³u znak zapytania, asteryzm zwany Sierpem, z³o¿ony z szeœciu
gwiazd od Epsilon do Alfa Leonis. WyraŸny trójk¹t prostok¹tny jest zadem lwa, a linie gwiazd - 
nogami wyleguj¹cej siê bestii. Gwiazda Denebola (Leo) wyznacza jego ogon. Gromada gwiazd 
Warkocza Bereniki reprezentuje kosmyk na koñcu ogona.",946
Wolarza,30,15,"Najstarsze Ÿród³o, w którym podana jest nazwa tego gwiazdozbioru, to „Odyseja” Homera. 
Zapis z dierez¹ nad drugim o ma wskazywaæ, ¿e samog³oski te wymawia siê oddzielnie. Inn¹ greck¹ nazw¹ 
jest Arktofilaks, „stra¿nik niedŸwiedzia”; jest ona o tyle trafniejsza, ¿e wraz z obrotem sfery niebieskiej 
Wolarz pod¹¿a za Wielk¹ NiedŸwiedzic¹. Pochodzi od niej tak¿e nazwa najjaœniejszej gwiazdy konstelacji, Arktura.",907
Ryb,15,0,"Ryby s¹ jednym z najbledszych gwiazdozbiorów Zodiaku. Jedynie dwie gwiazdy czwartej wielkoœci zdobi¹ tê konstelacjê, 
Tworz¹c¹ bardzo wyd³u¿one V na po³udniowy wschód od Wielkiego kwadratu Pegaza. asteryzm znany jako „Diadem” –
piêciok¹t gwiazd czwartej i pi¹tej wielkoœci, stworzony z gammy, tety, joty, kappy i lambdy to najbardziej rozpoznawalny fragment
gwiazdozbioru, znajduje siê dok³adnie na po³udnie od Wielkiego Kwadratu Pegaza. Stanowi cia³o jednej z ryb – po³udniowej.
W jego wnêtrzu le¿y TX Piscium (19 Piscium), czerwony olbrzym o ciemnopomarañczowej barwie, zmieniaj¹cy jasnoœæ nieregularnie. 
Obserwowana zmiennoœæ jasnoœci waha siê miêdzy 4,79 a 5,20m.",889
Strzelca,-25,19,"Osiem najjaœniejszych gwiazd tej konstelacji tworz¹ rozpoznawalny asteryzm zwany Imbrykiem, 
kszta³tem przypominaj¹cy czajnik. Mo¿na go zobaczyæ bez trudu nawet przy niezbyt czystym niebie.
R¹czkê imbryka tworz¹ Tau , Fi , Zeta  i Sigma , jego wieczko Fi, Lambda  i Delta, podstawê
Zeta i Epsilon, natomiast dziobek Epsilon i Gamma.  Gwiazdy Lambda, Delta i Epsilon tworz¹ ³uk.
Natomiast Gamma wyznacza grot strza³y.",867
£abêdzia,40,21,"Poniewa¿ przez konstelacjê przechodzi Droga Mleczna, widaæ tam zatrzêsienie gwiazd – nic dziwnego, ¿e jest to miejsce 
intensywnych badañ astronomicznych. W szczególnoœci teleskop Keplera prowadzi w tym rejonie obserwacje w celu 
poszukiwania planet pozas³onecznych wœród oko³o 150 tysiêcy gwiazd. Jaœniejsze gwiazdy tworz¹ asteryzm Krzy¿a Pó³nocy. 
Te same gwiazdy wraz z bledszymi – wype³niaj¹cymi skrzyd³a – uk³adaj¹ siê w ³abêdzia. Delta i Epsilon Cygni to jego skrzyd³a, 
miêdzy nimi znajduje siê Gamma Cygni, Albireo tu¿ u koñca szyi, Deneb zaœ tam, gdzie ma on kuper. 
Wymienione gwiazdy s¹ jednoczeœnie piêcioma najjaœniejszymi w konstelacji.",804
Byka,15,5,"Gwiazdy Byka s¹ w wiêkszoœci blade. Poza u³o¿onymi w kszta³t litery V Hiadami, 
które tworz¹ wyraŸny pysk, i dwoma rogami – bet¹ i zet¹ – reszta wygl¹da jak byk atakuj¹cy Oriona.",797
¯yrafy,70,6,"Osiem gwiazd o wielkoœci od 4,0 do 4,8m obrysowuje delikatn¹ figurê przypominaj¹c¹ ¿yrafê. 
Znalezienie w³aœciwych gwiazd utrudnia spora iloœæ innych, niewiele ciemniejszych, które migoc¹ 
w tle tego gwiazdozbioru, szczególnie w jego po³udniowej czêœci, znajduj¹cej siê w Drodze Mlecznej.",757
Andromedy,40,1,"Konstelacjê Andromedy bardzo ³atwo mo¿na znaleŸæ na jesiennym niebie, gdy¿ jej gwiazdy le¿¹ praktycznie w jednej linii.
 G³ówne gwiazdy Andromedy tworz¹ wyd³u¿on¹ literê V, przy czym najjaœniejsze z nich mieszcz¹ siê w po³udniowym ramieniu. 
Wierzcho³kiem litery V jest Alfa, która chocia¿ nale¿y do Andromedy, to s³u¿y te¿ jako naro¿nik Wielkiego Kwadratu Pegaza.",722
Rufy,-40,8,"Cztery najjaœniejsze gwiazdy w polu tej konstelacji maj¹ jasnoœæ w przedziale 2,2 – 3m i s¹ to kolejno: Naos , Pi Puppis, Ksi Puppis i L Pup.",673
WoŸnicy,40,6,"Najjaœniejsze gwiazdy tworz¹ piêciok¹t, chocia¿ wysuniêta najdalej na po³udnie gwiazda tej figury od staro¿ytnoœci jest dzielona 
z Bykiem (nale¿y „graficznie” do obu gwiazdozbiorów), a zawodowi astronomowie oficjalnie przyznali j¹ Bykowi.",657
Or³a,3,20,"Wiele gwiazd konstelacji jest bardzo bladych i trzeba sporo wyobraŸni, by po³¹czyæ je w figurê. 
Alfa maj¹ca z boków Betê i Gammê stanowi¹ ³atwo rozpoznawaln¹ grupê, 
tworz¹c¹ szyjê i g³owê or³a. Zeta i Epsilon stanowi¹ koniec jednego skrzyd³a, 
Theta tworzy drugie, a Lambda – ogon.",652
Wê¿a,-8,17,"Gwiazdy Wê¿a s¹ jednorodne, umiarkowanie blade, ale ma³y trójk¹t utworzony przez gwiazdy czwartej wielkoœci Betê, 
Gammê i Kappê wraz z Delt¹, Alf¹ i Epsilonem, które tworz¹ szyjê, s¹ ³atwe do znalezienia przy sprzyjaj¹cych warunkach obserwacji.
Resztê figury trudno odró¿niæ od s¹siednich konstelacji.",636
Perseusza,45,4,"Wyobra¿any jako postaæ rycerza z mieczem w prawej rêce a g³ow¹ Meduzy – oznaczonej przez s³ynn¹ gwiazdê zmienn¹ Algol – w drugiej.
Gwiazdozbiory mitologicznie z nim powi¹zane to równie¿ Andromeda, Kasjopeja, 
Cefeusz, Pegaz oraz Wieloryb. Algol jest typowym przedstawicielem gwiazd zmiennych zaæmieniowych, z³o¿onych z jasnego bia³ego
kar³a oraz ch³odniejszego podolbrzyma, w których obserwuje siê okresowe os³abienie jasnoœci.",615
Kasjopei,60,1,"W 1572 roku w pobli¿u gwiazdy Kappa Cassiopeiae nast¹pi³ jeden z trzech wybuchów supernowej zaobserwowanych 
w naszej Galaktyce, opisany przez Tychona Brahe. Odleg³a o 7500 lat œwietlnych gwiazda, obecnie o jasnoœci 19m, nazwana na 
jego czeœæ Supernow¹ Tychona, rozb³ys³a wówczas do ?4,0m. Pozosta³oœci tej supernowej do dziœ emituj¹ fale radiowe. Inna 
supernowa, z roku 1660, która pozosta³a niezauwa¿ona przez ówczesnych obserwatorów, 
pozostawi³a najsilniejsze radioŸród³o na niebie, znane jako Cassiopeia A.",598
Oriona,0,5,"Gwiazdozbiór zawiera wiele obszarów z materi¹ miêdzygwiazdow¹ oraz m³ode masywne gwiazdy, które tworz¹ regiony gwiazdotwórcze.
Trzy u³o¿one w jednej linii jasne gwiazdy, tworz¹ce asteryzm tzw. Pas Oriona wskazuj¹ Syriusza na po³udniowym wschodzie i 
Aldebarana na pó³nocnym zachodzie. S¹ to Delta (Mintaka), Epsilon (Alnilam) i Zeta Orionis (Alnitak).",594
Cefeusza,70,22,"Cefeusz jest obramowany cienkim piêciok¹tem, trochê przypominaj¹cym dzieciêcy rysunek konia. Trzeba byæ uwa¿nym, 
bo cztery gwiazdy tworz¹ce podstawê piêciok¹ta mog¹ te¿ zostaæ u¿yte do stworzenia niemal identycznej figury, 
która zawiera³aby równie¿ gwiazdê z gwiazdozbioru Smoka.",588
Rysia,50,8,"Szukaj¹c tej konstelacji, obserwatorzy amatorzy zazwyczaj zaczynaj¹ od punktów startowych 
w jednym z s¹siednich jaœniejszych gwiazdozbiorów Wielkiej NiedŸwiedzicy, BliŸni¹t albo WoŸnicy. 
Na przyk³ad gromadê kulist¹ NGC 2419 mo¿na ³atwo znaleŸæ, zaczynaj¹c obserwacjê od jasnego Kastora w BliŸniêtach.",545
Wagi,-15,15,"S¹ w wiêkszoœci blade, ale kwadratowy kszta³t tworzony przez g³ówne gwiazdy jest ³atwy do znalezienia.
Linia ci¹gn¹ca siê od Alfy do Bety tworzy ramiê wagi, a Gamma i Sigma kszta³tuj¹ dwie szalki. 
Gwiazd Alfa i Beta zosta³y przeniesione ze Skorpiona w czasach rzymskich, a trzeci¹ pod wzglêdem jasnoœci sigmê „zabrano” dopiero w XIX wieku.",538
BliŸni¹t,20,7,"Jest to jedna z naj³atwiejszych do znalezienia konstelacji. Dwie niemal jednakowo jasne gwiazdy Kastor i 
Polluks oznaczaj¹ g³owy bliŸniaków. £atwo widzialna linia gwiazd wiod¹ca przez Kappê, Deltê, Zetê i Gammê 
tworz¹ cia³o Polluksa. Równoleg³a linia gwiazd od jasnego Kastora poprzez gwiazdy trzeciej i czwartej wielkoœci Tau, Epsilon, Mi, Eta znacz¹ cia³o Kastora.",514
Raka,20,9,"Rak jest najbledszym z gwiazdozbiorów zodiaku. Z miast i z wiêkszoœci przedmieœæ nawet na ciemnym niebie wygl¹da po prostu jak 
puste miejsce pomiêdzy gwiazdozbiorami BliŸni¹t i Lwa. Nie jest spektakularny, a jego gwiazdy pi¹tej i szóstej wielkoœci niezbyt 
przypominaj¹ raka. Interesuj¹ce s¹ Gamma i Delta Raka, le¿¹ce w pobli¿u centrum, nosz¹ce ³aciñskie nazwy Asellus Borealis 
i Asellus Australis, czyli „osio³ pó³nocny” i „osio³ po³udniowy”.",506
¯agla,-50,9,"Gwiazdozbiór Argo by³ bardzo rozleg³y, tak ¿e astronomom zabrak³o liter greckiego Alfabetu do oznaczenia jego gwiazd i musieli wykorzystaæ
Alfabet ³aciñski. Wiele gwiazd znajduj¹cych siê w konstelacji jest oznaczonych literami pochodz¹cymi z Alfabetu ³aciñskiego. Kiedy gwiazdozbiór 
Argo zosta³ podzielony, przypisany przez Johanna Bayera porz¹dek gwiazd nie zosta³ zmieniony bez wzglêdu na to, do którego z gwiazdozbiorów 
trafi³a dana gwiazda. Z tego powodu konstelacja nie ma gwiazdy Alfa ani gwiazdy Beta. Najjaœniejsz¹ jest Gamma. Gwiazdy ¯agla s¹ doœæ jasne, 
ale nie przypominaj¹ ¿agli, poza – ale i to nie za bardzo – ¿aglem rejowym. Dwie najlepiej znane gwiazdy to Kappa i Delta, tworz¹ce z Epsilonem 
i Jot¹ Kila pó³nocn¹ po³ówkê wyraŸnego asteryzmu „Fa³szywego Krzy¿a”, myl¹cego dawnych ¿eglarzy mórz po³udniowych.",500
Skorpiona ,-35,17,"Tak jak w przypadku Strzelca równie¿ w Skorpionie nazwy Bayera nie odtwarzaj¹ porz¹dku jasnoœci gwiazd. 
Na przyk³ad drug¹ co do jasnoœci gwiazd¹ po Alfie jest Lambda. W centrum Skorpiona œwieci na czerwono 
Antares, bêd¹cy œrodkiem skorpiona. Ogon stanowi pokrêcona linia gwiazd biegn¹ca poprzez Tau, Epsilona, Mi, 
Zetê, Etê, Thetê, Jotê i Kappê, a Lambda i Ypsilon tworz¹ kolec na koñcu ogona. Natomiast w bardziej wspó³czesnych 
wersjach kleszcze skierowane w stronê g³owy skorpiona s¹ ukszta³towane przez nieco zagiêt¹ liniê gwiazd: Ni, Betê i Deltê z jednej 
strony oraz Pi i Ro z drugiej. Jednak tê konstelacjê mo¿na sobie wyobraziæ jeszcze inaczej, jak to czynili Grecy: u¿yæ Alfy i Bety Wagi i zobaczyæ w pe³ni rozci¹gniête kleszcze.",497
Kila,-60,9,"Argo by³a najwiêksz¹ ze wszystkich konstelacji; Kil jest rozleg³¹ grup¹ przypominaj¹c¹ nieco kad³ub greckiego statku. 
Wschodni kraniec gwiazdozbioru zanurza siê w Drodze Mlecznej. Gwiazd jaœniejszych ni¿ 3m w tej konstelacji jest szeœæ: Kanopus, Miaplacidus, Avior, Aspidiske i ? Car.",494
Jednoro¿ca,-5,7,"Chocia¿ gwiazdozbiór znajduje siê œciœle na Drodze Mlecznej, to nie ma w nim jasnych gwiazd. Alfa i Beta le¿¹ 
w œrodkowej strefie czwartej wielkoœci, a pozosta³e gwiazdy s¹ pi¹tej wielkoœci lub s³absze. Nawet przy idealnie 
ciemnym niebie nie mo¿na dostrzec w tych gwiazdach jakiegokolwiek podobieñstwa do bajkowego jednoro¿ca. 
T³o Drogi Mlecznej jest w Jednoro¿cu du¿o bledsze ni¿ w wiêkszoœci innych miejsc, poniewa¿ tutaj patrzymy na zewn¹trz, w kierunku krawêdzi naszej galaktyki.",482
RzeŸbiarza,-30,1,"Gwiazdy RzeŸbiarza wygl¹daj¹ jak przypadkowy zbiór bladych œwiate³ek, nie przypominaj¹cy ¿adnego wizerunku. Alfa, Beta i Gamma s¹ czwartej wielkoœci, a Delta prezentuje sob¹ gwiazdê pi¹tej wielkoœci.",475
Feniksa,-50,1,"S¹ blade, ale wyraŸnie tworz¹ zarys startuj¹cego ptaka widzianego od przodu. Jasna Alfa oznacza g³owê, a Beta, Zeta, Eta i Epsilon 
tworz¹ resztê korpusu. Natomiast Gamma i Delta tworz¹ jedno skrzyd³o, a ciemna Jota i Theta to drugie skrzyd³o. Trio w kszta³cie 
kija golfowego z³o¿one z Alfy, Kappy i Epsilona tworzy najwyraŸniejszy asteryzm konstelacji.",469
"Psów 
Goñczych ",40,13,"W tym gwiazdozbiorze s¹ tylko dwie wyraŸne gwiazdy, Alfa i Beta Psów Goñczych. Przedstawiaj¹ dwa psy o imionach Asterion i Chara, ale wœród astronomów nie ma zgody co 
do tego, która gwiazda mia³a reprezentowaæ którego psa. Alfa jest nazywana Cor Caroli („serce Karola”) od czasu przywrócenia monarchii brytyjskiej, kiedy Karol II odzyska³ tron 
odebrany jego ojcu. Wiêkszoœæ Ÿróde³ twierdzi, ¿e Cor Caroli odnosi siê do œciêtego króla Karola I, ale s¹ te¿ i takie, które mówi¹ o jego synu Karolu II. Cor Caroli jest to s³ynna gwiazda podwójna o szeroko rozdzielonych sk³adnikach, zabarwionych na niebiesko i zielonkawo.",465
Barana,20,3,"Uk³ad najjaœniejszych gwiazd w Baranie tworzy charakterystyczny ³uk, na który sk³adaj¹ siê: Hamal, Sheratan oraz Mesarthim.  
Wokó³ najjaœniejszej gwiazdy Hamal, czerwonego olbrzyma, kr¹¿y odkryta w 2011 roku egzoplaneta wielkoœci Jowisza.  Pokazowym obiektem konstelacji jest 
Gamma Arietis, znana tak¿e jako Mesarthim, która by³a te¿ nazywana pierwsz¹ gwiazd¹ w Baranie. Jest to gwiazda podwójna, po³o¿ona w odleg³oœci 204 lat œwietlnych od S³oñca, 
z niemal idealnie dopasowanymi gwiazdami typu spektralnego A i B, które – co dziwne – wydaj¹ siê blado¿ó³te. Ju¿ przez 10-centymetrowy teleskop s¹ dobrze widoczne.",441
Kozioro¿ca,-20,21,"Chocia¿ z trudem mo¿na zauwa¿yæ podobieñstwo gwiazdozbioru do koz³a (nawet z rybim ogonem), to gwiazdy 
Kozioro¿ca wzglêdnie ³atwo mo¿na odnaleŸæ na niebie. Wiêksze z nich tworz¹ du¿y trójk¹t, którego wierzcho³ki wyznaczaj¹ 
Dwie gwiazdy czwartej wielkoœci Alfa i Omega oraz Delta, gwiazda trzeciej wielkoœci. ¯adna z nich nie jest specjalnie jasna, ale przypomina bardzo kszta³t dolnej czêœci bikini.",414
Pieca,-30,3,Jak wiele z wynalazków Lacaille’a gwiazdy Pieca nie bardzo przypominaj¹ figurê zwi¹zan¹ z nazw¹ konstelacji i nie przyci¹gaj¹ specjalnej uwagi obserwatorów. Nie zawiera gwiazd powy¿ej 4 wielkoœci.,398
Warkocz Bereniki,22,13,"Najaœniejsze gwiazdy konstelacji to Comea Berenices, druga w kolejnoœci Com oraz Comae Berenices",386
Wielki Pies,-21,7,"Potrzeba doœæ ma³ej wyobraŸni, by zobaczyæ psa w jasnych gwiazdach Wielkiego Psa. Syriusz jest jego okiem, a beta,
gwiazda drugiej wielkoœci, jest pazurem przedniej ³apy. Trójk¹t utworzony przez omikron2, deltê i epsilon jest zadem, a linie do ety i zety stanowi¹ ogon i tyln¹ nogê psa.",380
Pawia,-65,20,"Alfa i le¿¹cy dok³adnie na po³udnie od niej trójk¹t prostok¹tny, zbudowany z gwiazd Bety, Delty i Epsilona, to najlepiej rozpoznawalny asteryzm w gwiazdozbiorze. Gwiazda nosi ma³o oryginaln¹ nazwê Paw. Historia nadania nazwy zwi¹zana jest z „Almanachem okrêtowym” wydanym w 1930 przez monarchiê brytyjsk¹. W tym czasie Alfa Pavonis by³a jedn¹ z dwóch spoœród 57. najjaœniejszych gwiazd niemaj¹cych nazwy w³asnej (druga to Epsilon Carinae, która zosta³a nazwana Avior). Królewskie Si³y Powietrzne nalega³y, aby te gwiazdy otrzyma³y nazwy w³asne, a ¿e nie by³o lepszego pomys³u, nazwano najjaœniejsz¹ gwiazdê w Pawiu od samej konstelacji.",378
¯urawia,-45,23,"Gwiazdozbiór jest jednym z najjaœniejszych ptaków na niebie. Gwiazdy, które sk³adaj¹ siê na wspó³czesn¹ konstelacjê ¯urawia, by³y od staro¿ytnoœci ³¹czone z ptakami. Pomimo bladoœci wielu gwiazd ¯urawia ca³kiem wyraŸnie tworz¹ one sylwetkê ptaka. G³ow¹ jest Gamma na pó³nocy, a lekko zagiêta linia bladych gwiazd, prowadz¹ca na po³udnie przez Lambdê i Deltê do Bety, kszta³tuje d³ug¹ szyjê i ramiona. Alfa przedstawia jedno skrzyd³o, Jota i Theta tworz¹ drugie, a Epsilon i Zeta – ogon na po³udniowym koñcu.",366
Wilka,-45,15,"W Wilku nie ma gwiazd pierwszej wielkoœci, ale za to jest sporo gwiazd 2. i 3. wielkoœci. Nietrudno je zauwa¿yæ pomiêdzy Centaurem i Skorpionem, ale jakoœ ma³o przypominaj¹ wilka.",334
Sekstantu,0,10,Sekstant le¿y daleko od jasnych œwiate³ Drogi Mlecznej i ma niewiele do zaoferowania astronomom amatorom.,314
Tukana,-65,0,"Gwiazdy Tukana nie bardzo przypominaj¹ jakiegokolwiek ptaka W konstelacji znajduje siê zaledwie dziewiêæ gwiazd jaœniejszych ni¿ 5m. Gwiazdy ?, ?, ?, ?, ?
i ? tworz¹ kszta³t rozpoznawany przez mi³oœników astronomii jako latawiec. Natomiast Alfa, Gamma i Beta tworz¹ d³ugi trójk¹t równoramienny.",295
Indianina ,-60,22,"Blade gwiazdy konstelacji zawieraj¹ mnóstwo galaktyk i gwiazdê, która jest jedn¹ z najbli¿szych s¹siadek S³oñca. G³ówne gwiazdy, Alfa, Beta, Delta i Theta, tworz¹ d³ugi trójk¹t nie przypominaj¹cy figury narysowanej przez Bayera.",294
Oktanta,-85,21,"G³ówne gwiazdy tworz¹ d³ugi nierównoramienny trójk¹t w pobli¿u Po³udniowego Bieguna Niebieskigo. Obszar, w którym znajduje siê Oktant, jest doœæ pusty. Gwiazda pi¹tej wielkoœci (5,42m), Sigma (?) Octantis, obecnie odleg³a o 63' od po³udniowego bieguna niebieskiego, pe³ni w czasach nowo¿ytnych rolê po³udniowej gwiazdy polarnej, st¹d jej nazwa w³asna Polaris Australis. Nie stanowi takiego elementu orientacyjnego, jak Alfa (?) Ursae Minoris na pó³kuli pó³nocnej, z racji 25 razy mniejszej jasnoœci. Dwie gwiazdy „biegunowe”, Sigma Octantis (? Oct) i Polaris (? UMi), ró¿ni¹ siê zasadniczo pod wzglêdem jasnoœci i odleg³oœci, ale maj¹ jedn¹ wspóln¹ cechê: obydwie s¹ pulsuj¹cymi gwiazdami zmiennymi typu F. Polaris jest cefeid¹, a Sigma Octantis jest gwiazd¹ typu Delta Scuti, która zmienia swoj¹ jasnoœæ o 0,03m z okresem 138 minut.",291
Zaj¹ca ,-20,6,"Chocia¿ Zaj¹c cichutko le¿y u stóp Oriona, to jego gwiazdy nie s¹ ca³kowicie zas³oniête i mo¿na je zauwa¿yæ stosunkowo ³atwo. Dwie rozbie¿ne linie trzech gwiazd – Delty, Alfy i Mi po stronie pó³nocnej oraz Gammy, Bety i Epsilona po po³udniowej – tworz¹ szkielet wzoru. Wszystkie s¹ trzeciej lub czwartej wielkoœci, a grupa bardziej przypomina róg obfitoœci ni¿ zaj¹ca.",290
Lutni,40,19,"Charakterystyczny równoleg³obok gwiazd tworzy kszta³t ramy niebiañskiego instrumentu. Z gwiazd, które bêd¹ w przysz³oœci wskazywa³y biegun pó³nocny, Wega – Alfa (?) Lutni o wielkoœci 0,03, jest zdecydowanie najjaœniejsza (pi¹ta co do jasnoœci na nocnym niebie). Pozosta³e cztery gwiazdy, tworz¹ce charakterystyczny trapez, nale¿¹ do trzeciej i czwartej wielkoœci gwiazdowej. S¹ to kolejno: Gamma, Beta, Delta i Zeta Lyrae.",286
Pucharu,-15,12,"Blade gwiazdy nie bardzo mog¹ poruszyæ wyobraŸniê obserwatorów. Konstelacja sk³ada siê ze s³abych gwiazd, najjaœniejsza, Delta Crateris (? Crt) ma jasnoœæ 3,56m, pozosta³e – w kolejnoœci: Gamma Crateris (? Crt), Alfa Crateris (? Crt), Beta Crateris (? Crt), ?, ? i ? Crt – s¹ jaœniejsze ni¿ 5m. Wymienione gwiazdy wraz z ? Crt (5,2m) tworz¹ kszta³t przypominaj¹cy puchar. Poniewa¿ wszystkie te gwiazdy s¹ czwartej lub pi¹tej wielkoœci, wiêc trzeba ciemnego nieba, ¿eby je wyraŸnie zobaczyæ.",282
Go³êbia,-35,6,"Chocia¿ gwiazdy konstelacji bardzo ma³o przypominaj¹ go³êbia, to wygiêta linia gwiazd trzeciej i czwartej wielkoœci wiod¹ca od Epsilon (?) przez Alfê (?), Betê (?), Gammê (?) do delty (?) jest ³atwo rozpoznawalna na po³udnie od Syriusza.",270
Liska,25,20,"Lisek jest wykrojony z Drogi Mlecznej w £abêdziu pomiêdzy Strza³¹ a bet¹ £abêdzia. Na granicy Liska i Strza³y znajduje siê grupa gwiazd, uk³adaj¹ca siê w kszta³t haka, widoczna przez ma³¹ lunetê, nazywana te¿ gromada Wieszak.",268
Ma³a NiedŸwiedzica,75,15,"Gwiazdy te w ¿aden sposób nie przypominaj¹ niedŸwiedzia, bo ten musia³by sk³adaæ siê g³ównie z ogona. Tworz¹ natomiast kszta³t podobny do asteryzmu Wielkiego Wozu w Wielkiej NiedŸwiedzicy i s¹ nazywane Ma³ym Wozem.",256
Lunety,-50,19,"W gwiazdozbiorze znajduje siê siedem gwiazd jaœniejszych ni¿ 5m[4]. G³ównymi gwiazdami s¹ gwiazdy czwartej wielkoœci Alfa i Zeta oraz gwiazda pi¹tej wielkoœci Epsilon. Tworz¹ one ma³y, niemal prostok¹tny trójk¹t na po³udnie od Skorpiona, który celuje w niego jasn¹ lini¹ gwiazd ogona: Lambd¹, Kapp¹ i Jot¹ Skorpiona.",252
Zegara,-50,3,"W cichym zak¹tku niebiañskiej rzeki Erydan niezwracaj¹ce na siebie uwagi gwiazdy Zegara zaczê³y odmierzaæ na niebie czas. Ciemne gwiazdy tworz¹ d³ug¹ linie wzd³u¿ brzegów wielkiej niebiañskiej rzeki i nie s¹ w ogóle podobne do zegara wahad³owego. Konstelacja zaczyna siê trochê na zachód od grupy gwiazd w kszta³cie latawca w gwiazdozbiorze Sieci, wywija siê na pó³noc przez kilka gwiazd pi¹tej i szóstej wielkoœci i koñczy siê najjaœniejsz¹ gwiazd¹ tej konstelacji – Alfa Horologii (? Hor). Jest to jedyna gwiazda czwartej wielkoœci w tym gwiazdozbiorze, przeciêtny olbrzym typu K, znajduj¹cy siê w koñcowym stadium ewolucji. Na pocz¹tku by³ kar³em klasy A, prawdopodobnie bardzo podobnym do Syriusza. Teraz, w wieku oko³o miliarda lat, u¿ywa jako Ÿród³a energii fuzji nie tylko j¹der wodoru, ale i helu. Znajduje siê w odleg³oœci oko³o 117 lat œwietlnych od S³oñca i jest 47 razy jaœniejszy od S³oñca. Wkrótce siê jeszcze bardziej rozprzestrzeni i stanie siê w pe³ni rozwiniêtym czerwonym olbrzymem.",249
Malarza,-54,6,"G³ówne gwiazdy tworz¹ d³ugi, cienki, ró¿noboczny trójk¹t na zachód od jasnej Kanopus, któr¹ nietrudno znaleŸæ nawet z przedmieœcia. Wiêkszoœæ gwiazd konstelacji kr¹¿y wokó³ Drogi Mlecznej w jednym kierunku. Gwiazda Kapteyna jest wyj¹tkiem, który kr¹¿y w przeciwn¹ stronê ni¿ inne gwiazdy w s¹siedztwie S³oñca.",247
Ryba Po³udniowa,-30,22,"Najjaœniejsza gwiazda Ryby Po³udniowej, Fomalhaut (Alfa Piscis Austrini), jest pierwsz¹ (zachodni¹) z trzech jasnych gwiazd nieba po³udniowego u³o¿onych w jednej linii (pozosta³e to Achernar i Kanopus), stanowi¹cych wa¿ny element orientacyjny dla dawnych ¿eglarzy.",245
W¹¿ wodny,-70,2,"Zarys konstelacji jest blady, ale mo¿na dopatrzyæ siê w nim podobieñstwa do wê¿a. D³ugi trójk¹t prostok¹tny utworzony przez Gammê, Betê i Epsilon tworz¹ spl¹tane cia³o, a zakrzywiona linia gwiazd pomiêdzy Delt¹ a Alf¹ reprezentuje podniesion¹ g³owê gada gotowego do ataku.",243
Pompy,-35,10,"Pompa le¿y bardzo blisko p³aszczyzny Drogi Mlecznej, a w jej tle jest sporo s³abych gwiazd. G³ówne gwiazdy Alfa (?), Theta (?), Epsilon (?) i Jota (?), wszystkie pomiêdzy czwart¹ a pi¹t¹ wielkoœci¹ gwiazdow¹, tworz¹ du¿y trapezoid, ma³o podobny do pompy powietrznej.",239
O³tarza,-54,17,"Gwiazdy O³tarza s¹ ³atwe do znalezienia, poniewa¿ le¿¹ na po³udnie od ogona Skorpiona. Dziwne jest jedynie to, ¿e ¿adna z nich nie ma swojej nazwy, tym bardziej ¿e konstelacjê znali ju¿ staro¿ytni. Dwie zakrzywione linie, bêd¹ce wzajemnie niemal lustrzanymi odbiciami, oznaczaj¹ boki o³tarza: Alfa (?), Beta (?), Gamma (?) i Delta (?) na zachodzie oraz Epsilon (?), Zeta (?) i eta (?) na wschodzie. Jasna Droga Mleczna, p³yn¹ca przez s¹siednie gwiazdozbiory Wêgielnicy i Skorpiona, mo¿e byæ interpretowane jako niebiañski dym ze spalonych darów.",237
Ma³y Lew,35,10,"Gwiazdozbiór ten nie ma gwiazdy oznaczonej Alfa. Angielski astronom Francis Baily, który przyporz¹dkowywa³ greckie litery do gwiazd gwiazdozbiorów, nada³ drugiej pod wzglêdem jasnoœci gwieŸdzie oznaczenie Beta Leonis Minoris, ale przegapi³ jaœniejsz¹ 46 Leonis Minoris.",232
Kompasu,-30,9,G³ówne gwiazdy czwartej wielkoœci i bledsze nie maj¹ ¿adnego podobieñstwa do pude³ka zawieraj¹cego okr¹g³y kompas.,221
Mikroskopu,-35,21,"G³ówne gwiazdy tworz¹ na po³udnie od Kozioro¿ca odwrócon¹, lekko skrzywion¹ literê L. Wszystkie s¹ pi¹tej wielkoœci lub ciemniejsze, a ca³a grupa niewiele przypomina mikroskop.",210
Ptak Rajski,-75,16,"Rajski Ptak le¿y pomiêdzy charakterystycznym zarysem Trójk¹ta Po³udniowego a po³udniowym biegunem niebieskim. Ma³y prostok¹tny trójk¹t, utworzony przez Betê (?), Gammê (?) i Deltê (?) Rajskiego Ptaka, jest najlepiej widoczn¹ czêœci¹ tego gwiazdozbioru, podczas gdy Alfa (?) znajduje siê nieco z boku i le¿y w pobli¿u granicy z Kameleonem. Ka¿da z tych gwiazd jest czerwonym albo pomarañczowym olbrzymem. Nie zawiera gwiazd jaœniejszych ni¿ trzeciej wielkoœci.",206
Jaszczurki,45,23,"Ze wzglêdu na niewielk¹ jasnoœæ, ¿adna z gwiazd nie posiada w³asnej nazwy. Astronomowie pos³uguj¹ siê ich liczbowo-literowymi oznaczeniami katalogowymi. G³ówne gwiazdy tworz¹ zygzakowat¹ liniê, która mo¿e naœladowaæ œcie¿kê pêdz¹cej jaszczurki. Gwiazdy maj¹ wielkoœæ 4 i 4,5; zadziwiaj¹co dobrze widaæ je na ciemnym niebie. Obserwuj¹c niebo z przedmieœcia, nale¿y pos³ugiwaæ siê lornetk¹, bo zygzak nie jest bardzo d³ugi. Jako le¿¹ca miêdzy spiralnymi ramionami naszej Galaktyki Jaszczurka wydaje siê œwieciæ bardzo s³abo.",201
Delfina,13,21,"Ta wyraŸnie ukszta³towana konstelacja jest blada i odleg³a, ale gwiazdy Delfina s¹ ³atwe do zidentyfikowania. Zwarty kszta³t rombu jest bardzo ³atwy do znalezienia. Najjaœniejsze gwiazdy w Delfinie maj¹ dopiero trzeci¹ i czwart¹ wielkoœæ gwiazdow¹.",189
Kruk,-20,13,"Chocia¿ g³ówne gwiazdy Kruka w ogóle nie przypominaj¹ ptaka, to s¹ bardzo dobrze widoczne na tle raczej bladego otoczenia. G³ówn¹ czêœci¹ gwiazdozbioru jest wyraŸny czworok¹t utworzony przez Betê, Epsilon, Gammê i Deltê.",184
Ma³y Pies,5,8,"W Ma³ym Psie wszystkie gwiazdy oprócz Procjona i trzeciej wielkoœci Bety (?) s¹ bardzo blade. Alfa Ma³ego Psa to Procjon, ta staro¿ytna grecka nazwa oznacza „id¹cy przed psem”. Na pó³kuli pó³nocnej wschodzi tu¿ przed Syriuszem.",182
Z³ota Ryba,-60,5,"W gwiazdach konstelacji trudno dopatrzyæ siê jakiejkolwiek istoty morskiej. Tworz¹ d³ug¹ pokrêcon¹ liniê od Gammy na pó³nocy przez Alfê, Zetê do Bety na po³udniu, w pobli¿u Wielkiego Ob³oku Magellana.",179
Korona Pó³nocna,30,16,"Alphecca, Alfa (?) Korony Pó³nocnej, jest cz³onkiem Gromady Ruchomej w Wielkiej NiedŸwiedzicy (Collinder 285), która to grupa zawiera te¿ piêæ centralnych gwiazd asteryzmu Wielkiego Wozu i rozmaite gwiazdy Wielkiej NiedŸwiedzicy, Ma³ego Lwa i Smoka. Jest to gromada najbli¿sza Uk³adowi S³onecznemu, chocia¿ s¹ kontrowersje, czy ta rzadka, szeroko rozrzucona grupa mo¿e byæ uwa¿ana za prawdziw¹ gromadê otwart¹, skoro jej w³asna grawitacja nie jest w stanie utrzymaæ grupy w ca³oœci.",178
Wêgielnicy,-50,16,"Granice gwiazdozbioru zmienia³y siê od XVIII wieku, dlatego najjaœniejsze gwiazdy wchodz¹ce poprzednio w jego sk³ad wcielono do Skorpiona – zosta³y oznaczone N i H Sco.",165
Góry Sto³owej,-80,6,"Najjaœniejsze gwiazdy widoczne s¹ tylko jako blade plamki pi¹tej wielkoœci, niezbêdne s¹ wiêc dobre warunki, by je zobaczyæ. Cztery g³ówne gwiazdy, Alfa, Gamma, Eta i Beta tworz¹ trapez za Wielkim Ob³okiem Magellana. Alfa Men jest najbledsz¹ na niebie gwiazd¹ Alfa.",153
Ryba Lataj¹ca,-70,8,"Najlepiej rozpoznawaln¹ czêœci¹ konstelacji jest szeroki trapez podobnie wygl¹daj¹cych gwiazd znajduj¹cy siê w po³owie drogi pomiêdzy jasn¹ gwiazd¹ Miaplacidusem w Kilu i Wielkim Ob³okiem Magellana. Gwiazdy Alfa i Beta le¿¹ poza tym asteryzmem, s¹ blisko Miaplacidusa. W konstelacji najjaœniejsz¹ gwiazd¹ jest Gamma, je¿eli liczyæ oba sk³adniki razem, a nie Alfa. Równie¿ Beta jest jaœniejsza od Alfy. W gwiazdozbiorze brak jasnych gwiazd. Najjaœniejsza Beta Volantis (? Vol) ma wielkoœæ 3,77m, a tylko piêæ kolejnych gwiazd jest jaœniejsza ni¿ 5m. Na niebie mo¿na je rozpoznaæ jako dwa po³¹czone ze sob¹ trójk¹ty: ?, ? i ? Vol oraz ?, ? i ? Vol.",141
Muchy,-70,12,"Piêæ gwiazd trzeciej i czwartej wielkoœci tworzy ³atwo rozpoznawalny asteryzm „pi¹tki karo”, który jest sk³adnikiem Muchy. Cztery z nich – wyj¹tek stanowi Delta – znajduj¹ siê w odleg³oœci oko³o 300 lat œwietlnych od S³oñca, chocia¿ fizycznie nie s¹ ze sob¹ w ¿aden sposób zwi¹zane.",138
Trójk¹ta,32,2,"Gwiazdy tworz¹ce zarys Trójk¹ta s¹ doœæ jasne. Nale¿y odszukaæ na niebie Almach (? And), nastêpnie pod¹¿aj¹c na po³udnie nad gwiazdozbiorem Barana, odnaleŸæ gwiazdy nale¿¹ce do konstelacji Trójk¹ta.",132
Kameleona,-80,11,"G³ówne gwiazdy konstelacji tworz¹ d³ugi cienki kszta³t rombu, której d³u¿sze boki wyci¹gniête s¹ wzd³u¿ linii wschód-zachód. Œrodek figury le¿y na po³udnie od punktu pomiêdzy g³ównymi gwiazdami Muchy i Miaplacidusem, jasn¹ gwiazd¹ w Kilu. ¯adna z gwiazd nie jest szczególnie jasna, ale piêæ najjaœniejszych z nich ma wielkoœæ pomiêdzy 4,05 i 4,45.",132
Korona Po³udniowa,-40,19,"¯adna z gwiazd konstelacji nie jest jasna, choæ ich zbli¿ona jasnoœæ i regularne po³o¿enie sprawiaj¹, ¿e ³atwo j¹ rozpoznaæ. Jeœli do kilku gwiazd pó³ksiê¿yca dodaæ Thetê (?), Kappê (?) i Lambdê (?), to na nowoczesnych „patyczkowych” mapach dostrzegalny jest ca³y okr¹g.",128
Rylca,-40,5,"Ciemne i rozproszone gwiazdy konstelacji nie u³atwiaj¹ znalezienia figury, która mia³yby przedstawiaæ. Jest wœród nich zaledwie jedna gwiazda czwartej wielkoœci i kilka pi¹tej wielkoœci. Beta (?) i Alfa (?) Caeli tworz¹ trzon gwiezdnego rylca, wskazuj¹cego na po³udnie, na gwiazdozbiory Z³otej Ryby i Sieci.",125
Sieci,-60,4,Podstawowe gwiazdy sieci s¹ blade i tworz¹ ma³y wyraŸny asteryzm w kszta³cie latawca na zachód od Wielkiego Ob³oku Magellana.,114
Trójk¹t Po³udniowy,-65,16,"Gwiazdozbiór, jeden z dwóch trójk¹tów na niebie, jest ³atwiejszy do znalezienia ni¿ jego odpowiednik z pó³kuli pó³nocnej.",110
Tarczy,-10,19,"Zawiera 18 gwiazd jaœniejszych ni¿ 6m, le¿y jednak w szczególnie bogatym w gwiazdy obszarze Drogi Mlecznej miêdzy Or³em a Strzelcem. Gwiazdy te s¹ blade i czasami trudne do znalezienia z powodu jasnego t³a Drogi Mlecznej. Alfa, Beta, Gamma i Zeta tworz¹ asteryzm w kszta³cie litery Y.",109
Cyrkla,-62,15,"W obrêbie Cyrkla znajduj¹ siê zaledwie cztery gwiazdy jaœniejsze ni¿ 5m. Trzy g³ówne gwiazdy Cyrkla tworz¹ d³ugi w¹ski trójk¹t równoramienny, który wygl¹da jak niemal z³o¿ony cyrkiel, nieco na wschód od Alfa Centaura. Alfa Cyrkla jest najjaœniejsz¹ gwiazd¹ konstelacji, która przy tym ma bardzo dziwne widmo.",93
Strza³y,19,20,"W Strzale nie ma wiele ciekawych obiektów, które mo¿na obejrzeæ ma³ymi instrumentami. Blade gwiazdy przekonuj¹co przedstawiaj¹ zarys strza³y, jest to praktycznie jedyny kszta³t, jaki mo¿na z nich sporz¹dziæ. Le¿¹ce obok siebie Alfa i Beta tworz¹ lotki, a linia poprowadzona przez Deltê i Gammê stanowi¹ korpus zakoñczony ostrzem-gwiazd¹ Et¹.",80
rebiêcia,7,21,"rebiê to najmniejszy po Krzy¿u Po³udnia gwiazdozbiór na niebie. W odró¿nieniu od obficie rozgwie¿d¿onego Krzy¿a Po³udnia, który jest najmniejszym gwiazdozbiorem, rebiê sk³ada siê jedynie z kilku bladych galaktyk i zbioru gwiazd podwójnych. Ma³y trapezoid gwiazd czwartej i pi¹tej wielkoœci jest wyraŸny, ale najlepiej ogl¹daæ go w dobrych warunkach. Mo¿na te¿ u¿yæ lornetki, bo trapezoid ma zaledwie 5° ³uku w najd³u¿szym wymiarze.",72
Krzy¿a Po³udnia,-60,13,"Krzy¿ Po³udnia to najmniejszy gwiazdozbiór na niebie, ale widoczny jest na niemal najjaœniejszym fragmencie Drogi Mlecznej i ma zdecydowanie ponadprzeciêtn¹ liczbê jasnych gwiazd. Zaczynaj¹c od œwietlistego Acruxa, jasnoœæ gwiazd maleje, poruszaj¹c siê zgodnie z ruchem wskazówek zegara przez Betê, Gammê, Deltê i Epsilon Krzy¿a Po³udnia.",68
